{"cameraMode":{"drawMode":0,"name":"Shaded","section":"Shading Mode"},"sceneLighting":true,"audioPlay":false,"sceneViewState":{"m_AlwaysRefresh":false,"showFog":true,"showSkybox":true,"showFlares":true,"showImageEffects":true,"showParticleSystems":true,"showVisualEffectGraphs":true,"m_FxEnabled":true},"in2DMode":false,"pivot":{"x":550.9515991210938,"y":267.6488342285156,"z":27.87200927734375},"rotation":{"x":0.10031961649656296,"y":-0.014923792332410813,"z":0.0015049061039462686,"w":0.9948425889015198},"size":333.534423828125,"orthographic":false}