{"cameraMode":{"drawMode":0,"name":"Shaded","section":"Shading Mode"},"sceneLighting":true,"audioPlay":false,"sceneViewState":{"m_AlwaysRefresh":false,"showFog":true,"showSkybox":true,"showFlares":true,"showImageEffects":true,"showParticleSystems":true,"showVisualEffectGraphs":true,"m_FxEnabled":true},"in2DMode":false,"pivot":{"x":3.6378471851348879,"y":1.9896665811538697,"z":6.874835968017578},"rotation":{"x":0.035564493387937549,"y":-0.3408026695251465,"z":0.012832414358854294,"w":0.9394376873970032},"size":2.653041124343872,"orthographic":false}