{"cameraMode":{"drawMode":0,"name":"Shaded","section":"Shading Mode"},"sceneLighting":true,"audioPlay":false,"sceneViewState":{"m_AlwaysRefresh":false,"showFog":true,"showSkybox":true,"showFlares":true,"showImageEffects":true,"showParticleSystems":true,"showVisualEffectGraphs":true,"m_FxEnabled":true},"in2DMode":false,"pivot":{"x":28.871477127075197,"y":-0.059424400329589847,"z":23.84415626525879},"rotation":{"x":0.0587410107254982,"y":-0.05395536869764328,"z":0.0025428184308111669,"w":0.9969804286956787},"size":17.4325008392334,"orthographic":false}