{"cameraMode":{"drawMode":0,"name":"Shaded","section":"Shading Mode"},"sceneLighting":true,"audioPlay":false,"sceneViewState":{"m_AlwaysRefresh":false,"showFog":true,"showSkybox":true,"showFlares":true,"showImageEffects":true,"showParticleSystems":true,"showVisualEffectGraphs":true,"m_FxEnabled":true},"in2DMode":false,"pivot":{"x":5.510000228881836,"y":1.7000000476837159,"z":5.400000095367432},"rotation":{"x":0.22848451137542725,"y":-0.08022893220186234,"z":0.018864551559090616,"w":0.970089852809906},"size":1.8247449398040772,"orthographic":false}