{"cameraMode":{"drawMode":0,"name":"Shaded","section":"Shading Mode"},"sceneLighting":true,"audioPlay":false,"sceneViewState":{"m_AlwaysRefresh":false,"showFog":true,"showSkybox":true,"showFlares":true,"showImageEffects":true,"showParticleSystems":true,"showVisualEffectGraphs":true,"m_FxEnabled":true},"in2DMode":false,"pivot":{"x":4.52817964553833,"y":1.7518560886383057,"z":4.077016830444336},"rotation":{"x":0.23268038034439088,"y":0.08882984519004822,"z":-0.021294092759490014,"w":0.9683240652084351},"size":7.010623455047607,"orthographic":false}