{"cameraMode":{"drawMode":0,"name":"Shaded","section":"Shading Mode"},"sceneLighting":true,"audioPlay":false,"sceneViewState":{"m_AlwaysRefresh":false,"showFog":true,"showSkybox":true,"showFlares":true,"showImageEffects":true,"showParticleSystems":true,"showVisualEffectGraphs":true,"m_FxEnabled":true},"in2DMode":false,"pivot":{"x":1.7984979152679444,"y":1.4331611394882203,"z":0.04469156265258789},"rotation":{"x":0.16899746656417848,"y":-0.007404549978673458,"z":0.0012414787197485567,"w":0.9856237173080444},"size":1.8635001182556153,"orthographic":false}