{"cameraMode":{"drawMode":0,"name":"Shaded","section":"Shading Mode"},"sceneLighting":true,"audioPlay":false,"sceneViewState":{"m_AlwaysRefresh":false,"showFog":true,"showSkybox":true,"showFlares":true,"showImageEffects":true,"showParticleSystems":true,"showVisualEffectGraphs":true,"m_FxEnabled":true},"in2DMode":false,"pivot":{"x":-19.551355361938478,"y":-5.980544567108154,"z":24.377145767211915},"rotation":{"x":0.12173160910606384,"y":-0.32697024941444399,"z":0.04256530851125717,"w":0.9362403154373169},"size":21.541824340820314,"orthographic":false}