{"cameraMode":{"drawMode":0,"name":"Shaded","section":"Shading Mode"},"sceneLighting":true,"audioPlay":false,"sceneViewState":{"m_AlwaysRefresh":false,"showFog":true,"showSkybox":true,"showFlares":true,"showImageEffects":true,"showParticleSystems":true,"showVisualEffectGraphs":true,"m_FxEnabled":true},"in2DMode":false,"pivot":{"x":42.60397720336914,"y":-24.063949584960939,"z":-22.173877716064454},"rotation":{"x":-0.027682745829224588,"y":-0.9486070871353149,"z":0.30320408940315249,"w":-0.08845909684896469},"size":22.832487106323243,"orthographic":false}