{"cameraMode":{"drawMode":0,"name":"Shaded","section":"Shading Mode"},"sceneLighting":true,"audioPlay":false,"sceneViewState":{"m_AlwaysRefresh":false,"showFog":true,"showSkybox":true,"showFlares":true,"showImageEffects":true,"showParticleSystems":true,"showVisualEffectGraphs":true,"m_FxEnabled":true},"in2DMode":false,"pivot":{"x":18.262067794799806,"y":4.04099702835083,"z":-0.15945211052894593},"rotation":{"x":0.11187200248241425,"y":0.3260142505168915,"z":-0.03926711529493332,"w":0.9381136298179627},"size":9.070616722106934,"orthographic":false}