{"cameraMode":{"drawMode":0,"name":"Shaded","section":"Shading Mode"},"sceneLighting":true,"audioPlay":false,"sceneViewState":{"m_AlwaysRefresh":false,"showFog":true,"showSkybox":true,"showFlares":true,"showImageEffects":true,"showParticleSystems":true,"showVisualEffectGraphs":true,"m_FxEnabled":true},"in2DMode":false,"pivot":{"x":1.9789799451828004,"y":3.0366978645324709,"z":0.614006519317627},"rotation":{"x":0.16899746656417848,"y":-0.007404549978673458,"z":0.0012414787197485567,"w":0.9856237173080444},"size":4.563499927520752,"orthographic":false}